<project xmlns="http://maven.apache.org/POM/4.0.0" 
    xmlns:xsi="http://www.w3.org/2001/XMLSchema-instance"
	xsi:schemaLocation="http://maven.apache.org/POM/4.0.0 http://maven.apache.org/maven-v4_0_0.xsd">
	<modelVersion>4.0.0</modelVersion>
	<groupId>com.qaagility</groupId>
	<artifactId>CounterWebApp</artifactId>
	<packaging>war</packaging>
	<version>1.0-SNAPSHOT</version>
	<name>CounterWebApp Maven Webapp</name>
	<url>http://maven.apache.org</url>
	<properties>
		<jdk.version>1.7</jdk.version>
		<spring.version>4.1.1.RELEASE</spring.version>
		<jstl.version>1.2</jstl.version>
		<junit.version>4.11</junit.version>
		<logback.version>1.0.13</logback.version>
		<jcl-over-slf4j.version>1.7.5</jcl-over-slf4j.version>
	</properties>


	<dependencies>

		<!-- Unit Test -->
		<dependency>
			<groupId>junit</groupId>
			<artifactId>junit</artifactId>
			<version>${junit.version}</version>
		</dependency>

		<!-- Spring Core -->
		<dependency>
			<groupId>org.springframework</groupId>
			<artifactId>spring-core</artifactId>
			<version>${spring.version}</version>
			<exclusions>
				<exclusion>
					<groupId>commons-logging</groupId>
					<artifactId>commons-logging</artifactId>
				</exclusion>
			</exclusions>
		</dependency>

		<dependency>
			<groupId>org.slf4j</groupId>
			<artifactId>jcl-over-slf4j</artifactId>
			<version>${jcl-over-slf4j.version}</version>
		</dependency>

		<dependency>
			<groupId>ch.qos.logback</groupId>
			<artifactId>logback-classic</artifactId>
			<version>${logback.version}</version>
		</dependency>

		<dependency>
			<groupId>org.springframework</groupId>
			<artifactId>spring-web</artifactId>
			<version>${spring.version}</version>
		</dependency>

		<dependency>
			<groupId>org.springframework</groupId>
			<artifactId>spring-webmvc</artifactId>
			<version>${spring.version}</version>
		</dependency>

		<!-- jstl -->
		<dependency>
			<groupId>jstl</groupId>
			<artifactId>jstl</artifactId>
			<version>${jstl.version}</version>
		</dependency>

	</dependencies>

	<build>
		<finalName>CounterWebApp</finalName>

		<plugins>
		    <!-- Eclipse project -->
			<plugin>
				<groupId>org.apache.maven.plugins</groupId>
				<artifactId>maven-eclipse-plugin</artifactId>
				<version>2.9</version>
				<configuration>
				    <!-- Always download and attach dependencies source code -->
					<downloadSources>true</downloadSources>
					<downloadJavadocs>false</downloadJavadocs>
					<!-- mvn eclipse:eclipse -Dwtpversion=2.0 -->
					<wtpversion>2.0</wtpversion>
				</configuration>
			</plugin>
			
			<!-- Set JDK Compiler Level -->
			<plugin>
				<groupId>org.apache.maven.plugins</groupId>
				<artifactId>maven-compiler-plugin</artifactId>
				<version>2.3.2</version>
				<configuration>
					<source>${jdk.version}</source>
					<target>${jdk.version}</target>
				</configuration>
			</plugin>

			<!-- For Tomcat -->
			<plugin>
				<groupId>org.apache.tomcat.maven</groupId>
				<artifactId>tomcat7-maven-plugin</artifactId>
				<version>2.2</version>
				<configuration>
					<path>/CounterWebApp</path>
				</configuration>
			</plugin>


			<plugin>
			        <groupId>org.apache.maven.plugins</groupId>
			        <artifactId>maven-surefire-plugin</artifactId>
        			<version>2.19.1</version>
        			<configuration>
          				<parallel>methods</parallel>
          				<threadCount>10</threadCount>
					<useSystemClassLoader>false</useSystemClassLoader>
					<redirectTestOutputToFile>true</redirectTestOutputToFile>
        			</configuration>

      			</plugin>
			
			 <plugin>
 		               <groupId>org.apache.maven.plugins</groupId>
 		               <artifactId>maven-pmd-plugin</artifactId>
 		               <version>3.7</version>
 		               <configuration>
 		                   <rulesets>
 		                       <ruleset>/rulesets/java/braces.xml</ruleset>
   		                       <ruleset>/rulesets/java/naming.xml</ruleset>
 		                   </rulesets>
	           		   <failOnViolation>false</failOnViolation> <!-- this is actually true by default, but can be disabled -->
		               </configuration>
				<executions>
					<execution>
						<phase>compile</phase>
						<goals>
							<goal>check</goal>
						</goals>
					</execution>
				</executions>
 		           </plugin>		



		</plugins>

	</build>
	
	<reporting>
		<plugins>
			<!-- Normally, we take off the dependency report, saves time. -->
			<plugin>
				<groupId>org.apache.maven.plugins</groupId>
				<artifactId>maven-project-info-reports-plugin</artifactId>
				<version>2.7</version>
			<configuration>
				<dependencyLocationsEnabled>false</dependencyLocationsEnabled>
			</configuration>
			</plugin>

 		            <plugin>
 		               <groupId>org.apache.maven.plugins</groupId>
 		               <artifactId>maven-pmd-plugin</artifactId>
 		               <version>3.7</version>
 		               <configuration>
 		                   <rulesets>
 		                       <ruleset>/rulesets/java/braces.xml</ruleset>
 		                       <ruleset>/rulesets/java/naming.xml</ruleset>
 		                   </rulesets>
 		               </configuration>
 		           </plugin>
 	    </plugins>
	  </reporting>

	
<distributionManagement>
    <snapshotRepository>
        <id>snapshots</id>
        <name>devops-training-snapshots</name>    
        <url>http://localhost:8081/artifactory/libs-snapshot-local</url>
    </snapshotRepository>
</distributionManagement>

	
</project>
